pair_id,modality,case_id,slice_id,path_a,path_b,size_a,size_b,sha256_a,sha256_b
2004,CT-MRI,2,4,data/harvard_full/Havard-Medical-Image-Fusion-Datasets-main/CT-MRI/CT/2004.png,data/harvard_full/Havard-Medical-Image-Fusion-Datasets-main/CT-MRI/MRI/2004.png,256x256,256x256,b55a4a95b6c52efc,adccc9ce049ede7d
2005,CT-MRI,2,5,data/harvard_full/Havard-Medical-Image-Fusion-Datasets-main/CT-MRI/CT/2005.png,data/harvard_full/Havard-Medical-Image-Fusion-Datasets-main/CT-MRI/MRI/2005.png,256x256,256x256,648b8f2e78ac5fe2,dc65d47ae0066d56
2006,CT-MRI,2,6,data/harvard_full/Havard-Medical-Image-Fusion-Datasets-main/CT-MRI/CT/2006.png,data/harvard_full/Havard-Medical-Image-Fusion-Datasets-main/CT-MRI/MRI/2006.png,256x256,256x256,dfbc639819e1b30e,ab64e68cbac1d639
2007,CT-MRI,2,7,data/harvard_full/Havard-Medical-Image-Fusion-Datasets-main/CT-MRI/CT/2007.png,data/harvard_full/Havard-Medical-Image-Fusion-Datasets-main/CT-MRI/MRI/2007.png,256x256,256x256,7cc6b367dded56c2,9d68353e0daf9dc7
2008,CT-MRI,2,8,data/harvard_full/Havard-Medical-Image-Fusion-Datasets-main/CT-MRI/CT/2008.png,data/harvard_full/Havard-Medical-Image-Fusion-Datasets-main/CT-MRI/MRI/2008.png,256x256,256x256,818c47b67654112c,56cc73d37ac7140c
2009,CT-MRI,2,9,data/harvard_full/Havard-Medical-Image-Fusion-Datasets-main/CT-MRI/CT/2009.png,data/harvard_full/Havard-Medical-Image-Fusion-Datasets-main/CT-MRI/MRI/2009.png,256x256,256x256,0ae5b3a602b93441,149e6a0cd6aea9ac
2010,CT-MRI,2,10,data/harvard_full/Havard-Medical-Image-Fusion-Datasets-main/CT-MRI/CT/2010.png,data/harvard_full/Havard-Medical-Image-Fusion-Datasets-main/CT-MRI/MRI/2010.png,256x256,256x256,c09caf8d58a9f276,fa9018510cfb08ff
2011,CT-MRI,2,11,data/harvard_full/Havard-Medical-Image-Fusion-Datasets-main/CT-MRI/CT/2011.png,data/harvard_full/Havard-Medical-Image-Fusion-Datasets-main/CT-MRI/MRI/2011.png,256x256,256x256,d93c2fc6debbcc5a,b437641eeb745e47
2012,CT-MRI,2,12,data/harvard_full/Havard-Medical-Image-Fusion-Datasets-main/CT-MRI/CT/2012.png,data/harvard_full/Havard-Medical-Image-Fusion-Datasets-main/CT-MRI/MRI/2012.png,256x256,256x256,9f0ab37ebe7b03c0,15f5ee467898bc43
2013,CT-MRI,2,13,data/harvard_full/Havard-Medical-Image-Fusion-Datasets-main/CT-MRI/CT/2013.png,data/harvard_full/Havard-Medical-Image-Fusion-Datasets-main/CT-MRI/MRI/2013.png,256x256,256x256,12ba734a270fd8d7,ef03b0e9f72b1aed
2014,CT-MRI,2,14,data/harvard_full/Havard-Medical-Image-Fusion-Datasets-main/CT-MRI/CT/2014.png,data/harvard_full/Havard-Medical-Image-Fusion-Datasets-main/CT-MRI/MRI/2014.png,256x256,256x256,fb4842188ff04d97,e7da8366dc93ca8f
2015,CT-MRI,2,15,data/harvard_full/Havard-Medical-Image-Fusion-Datasets-main/CT-MRI/CT/2015.png,data/harvard_full/Havard-Medical-Image-Fusion-Datasets-main/CT-MRI/MRI/2015.png,256x256,256x256,161fc93566678ec2,d9f2e9ec34211c16
2016,CT-MRI,2,16,data/harvard_full/Havard-Medical-Image-Fusion-Datasets-main/CT-MRI/CT/2016.png,data/harvard_full/Havard-Medical-Image-Fusion-Datasets-main/CT-MRI/MRI/2016.png,256x256,256x256,ed8afa2bacdc6d8f,3f35f0dce051ad4e
2017,CT-MRI,2,17,data/harvard_full/Havard-Medical-Image-Fusion-Datasets-main/CT-MRI/CT/2017.png,data/harvard_full/Havard-Medical-Image-Fusion-Datasets-main/CT-MRI/MRI/2017.png,256x256,256x256,8739b4814d42d6ed,54dca41f742a5961
2018,CT-MRI,2,18,data/harvard_full/Havard-Medical-Image-Fusion-Datasets-main/CT-MRI/CT/2018.png,data/harvard_full/Havard-Medical-Image-Fusion-Datasets-main/CT-MRI/MRI/2018.png,256x256,256x256,a33ebb03948e9eee,1028a03e7a251a8b
2019,CT-MRI,2,19,data/harvard_full/Havard-Medical-Image-Fusion-Datasets-main/CT-MRI/CT/2019.png,data/harvard_full/Havard-Medical-Image-Fusion-Datasets-main/CT-MRI/MRI/2019.png,256x256,256x256,44bb97097179c145,4eda48e74b9d1113
2020,CT-MRI,2,20,data/harvard_full/Havard-Medical-Image-Fusion-Datasets-main/CT-MRI/CT/2020.png,data/harvard_full/Havard-Medical-Image-Fusion-Datasets-main/CT-MRI/MRI/2020.png,256x256,256x256,3cd556979ccd67dd,69e338a5e016f5ef
2021,CT-MRI,2,21,data/harvard_full/Havard-Medical-Image-Fusion-Datasets-main/CT-MRI/CT/2021.png,data/harvard_full/Havard-Medical-Image-Fusion-Datasets-main/CT-MRI/MRI/2021.png,256x256,256x256,a11fca0db57cc064,c423a3c695e56b6a
2022,CT-MRI,2,22,data/harvard_full/Havard-Medical-Image-Fusion-Datasets-main/CT-MRI/CT/2022.png,data/harvard_full/Havard-Medical-Image-Fusion-Datasets-main/CT-MRI/MRI/2022.png,256x256,256x256,96dd10970ce12ff2,454519b1b3cfdd0d
16003,CT-MRI,16,3,data/harvard_full/Havard-Medical-Image-Fusion-Datasets-main/CT-MRI/CT/16003.png,data/harvard_full/Havard-Medical-Image-Fusion-Datasets-main/CT-MRI/MRI/16003.png,256x256,256x256,5dab3b79b9b36b5e,954a4fd34df5dc71
16004,CT-MRI,16,4,data/harvard_full/Havard-Medical-Image-Fusion-Datasets-main/CT-MRI/CT/16004.png,data/harvard_full/Havard-Medical-Image-Fusion-Datasets-main/CT-MRI/MRI/16004.png,256x256,256x256,d038ff86e467e458,c6e09a48aae3ae50
16005,CT-MRI,16,5,data/harvard_full/Havard-Medical-Image-Fusion-Datasets-main/CT-MRI/CT/16005.png,data/harvard_full/Havard-Medical-Image-Fusion-Datasets-main/CT-MRI/MRI/16005.png,256x256,256x256,7cc767a6d512ca88,3d6dead602bdf5b3
16006,CT-MRI,16,6,data/harvard_full/Havard-Medical-Image-Fusion-Datasets-main/CT-MRI/CT/16006.png,data/harvard_full/Havard-Medical-Image-Fusion-Datasets-main/CT-MRI/MRI/16006.png,256x256,256x256,7beab8dc297df6f6,26a5e0897a0c28a4
16007,CT-MRI,16,7,data/harvard_full/Havard-Medical-Image-Fusion-Datasets-main/CT-MRI/CT/16007.png,data/harvard_full/Havard-Medical-Image-Fusion-Datasets-main/CT-MRI/MRI/16007.png,256x256,256x256,c5830cf8376e1d86,c18271c116e5552a
16008,CT-MRI,16,8,data/harvard_full/Havard-Medical-Image-Fusion-Datasets-main/CT-MRI/CT/16008.png,data/harvard_full/Havard-Medical-Image-Fusion-Datasets-main/CT-MRI/MRI/16008.png,256x256,256x256,00318a17d373852c,eb1354349ec1bf03
16009,CT-MRI,16,9,data/harvard_full/Havard-Medical-Image-Fusion-Datasets-main/CT-MRI/CT/16009.png,data/harvard_full/Havard-Medical-Image-Fusion-Datasets-main/CT-MRI/MRI/16009.png,256x256,256x256,b22874e2540740fe,c4766c709c7c2774
16010,CT-MRI,16,10,data/harvard_full/Havard-Medical-Image-Fusion-Datasets-main/CT-MRI/CT/16010.png,data/harvard_full/Havard-Medical-Image-Fusion-Datasets-main/CT-MRI/MRI/16010.png,256x256,256x256,6982e8d2242f2e0e,adcc1a73d28aa9fe
16011,CT-MRI,16,11,data/harvard_full/Havard-Medical-Image-Fusion-Datasets-main/CT-MRI/CT/16011.png,data/harvard_full/Havard-Medical-Image-Fusion-Datasets-main/CT-MRI/MRI/16011.png,256x256,256x256,f5c2602dcdff397d,8ef930db6ba91053
16012,CT-MRI,16,12,data/harvard_full/Havard-Medical-Image-Fusion-Datasets-main/CT-MRI/CT/16012.png,data/harvard_full/Havard-Medical-Image-Fusion-Datasets-main/CT-MRI/MRI/16012.png,256x256,256x256,7fb41628305806a3,f8dc5f1bd3e1665c
16013,CT-MRI,16,13,data/harvard_full/Havard-Medical-Image-Fusion-Datasets-main/CT-MRI/CT/16013.png,data/harvard_full/Havard-Medical-Image-Fusion-Datasets-main/CT-MRI/MRI/16013.png,256x256,256x256,aad99fe7b1607bae,8de77dc42fe3c547
16014,CT-MRI,16,14,data/harvard_full/Havard-Medical-Image-Fusion-Datasets-main/CT-MRI/CT/16014.png,data/harvard_full/Havard-Medical-Image-Fusion-Datasets-main/CT-MRI/MRI/16014.png,256x256,256x256,562796610e075215,3305cc3d4e53e3c4
16015,CT-MRI,16,15,data/harvard_full/Havard-Medical-Image-Fusion-Datasets-main/CT-MRI/CT/16015.png,data/harvard_full/Havard-Medical-Image-Fusion-Datasets-main/CT-MRI/MRI/16015.png,256x256,256x256,6e3a69b03a5984bb,8f894aa3fa1dcac2
16016,CT-MRI,16,16,data/harvard_full/Havard-Medical-Image-Fusion-Datasets-main/CT-MRI/CT/16016.png,data/harvard_full/Havard-Medical-Image-Fusion-Datasets-main/CT-MRI/MRI/16016.png,256x256,256x256,ce8b7cc2d1285979,ccc05d5deb253eb2
16017,CT-MRI,16,17,data/harvard_full/Havard-Medical-Image-Fusion-Datasets-main/CT-MRI/CT/16017.png,data/harvard_full/Havard-Medical-Image-Fusion-Datasets-main/CT-MRI/MRI/16017.png,256x256,256x256,64a79d81160adf5b,275473c9e2ec3c22
16018,CT-MRI,16,18,data/harvard_full/Havard-Medical-Image-Fusion-Datasets-main/CT-MRI/CT/16018.png,data/harvard_full/Havard-Medical-Image-Fusion-Datasets-main/CT-MRI/MRI/16018.png,256x256,256x256,bddd4173140aa900,cbd4211603180741
16019,CT-MRI,16,19,data/harvard_full/Havard-Medical-Image-Fusion-Datasets-main/CT-MRI/CT/16019.png,data/harvard_full/Havard-Medical-Image-Fusion-Datasets-main/CT-MRI/MRI/16019.png,256x256,256x256,164dd91d45cddc04,1f11bbd69ee0553b
16020,CT-MRI,16,20,data/harvard_full/Havard-Medical-Image-Fusion-Datasets-main/CT-MRI/CT/16020.png,data/harvard_full/Havard-Medical-Image-Fusion-Datasets-main/CT-MRI/MRI/16020.png,256x256,256x256,af96650faf997815,5936cba6af24beb8
20005,CT-MRI,20,5,data/harvard_full/Havard-Medical-Image-Fusion-Datasets-main/CT-MRI/CT/20005.png,data/harvard_full/Havard-Medical-Image-Fusion-Datasets-main/CT-MRI/MRI/20005.png,256x256,256x256,3067a0b967276951,848839e0421e5321
20006,CT-MRI,20,6,data/harvard_full/Havard-Medical-Image-Fusion-Datasets-main/CT-MRI/CT/20006.png,data/harvard_full/Havard-Medical-Image-Fusion-Datasets-main/CT-MRI/MRI/20006.png,256x256,256x256,d80412ed6c64f8a8,588e59a80a8efbcc
20007,CT-MRI,20,7,data/harvard_full/Havard-Medical-Image-Fusion-Datasets-main/CT-MRI/CT/20007.png,data/harvard_full/Havard-Medical-Image-Fusion-Datasets-main/CT-MRI/MRI/20007.png,256x256,256x256,00f861f0e4402352,6c121278eb4f94de
20008,CT-MRI,20,8,data/harvard_full/Havard-Medical-Image-Fusion-Datasets-main/CT-MRI/CT/20008.png,data/harvard_full/Havard-Medical-Image-Fusion-Datasets-main/CT-MRI/MRI/20008.png,256x256,256x256,14b88d94c445e52d,c70b4e6d962230f6
20009,CT-MRI,20,9,data/harvard_full/Havard-Medical-Image-Fusion-Datasets-main/CT-MRI/CT/20009.png,data/harvard_full/Havard-Medical-Image-Fusion-Datasets-main/CT-MRI/MRI/20009.png,256x256,256x256,f53f07fef6ca7a9b,8980517303ac584e
20010,CT-MRI,20,10,data/harvard_full/Havard-Medical-Image-Fusion-Datasets-main/CT-MRI/CT/20010.png,data/harvard_full/Havard-Medical-Image-Fusion-Datasets-main/CT-MRI/MRI/20010.png,256x256,256x256,3c8198b7fe98ccb4,d9e6e50c41a6cb71
20011,CT-MRI,20,11,data/harvard_full/Havard-Medical-Image-Fusion-Datasets-main/CT-MRI/CT/20011.png,data/harvard_full/Havard-Medical-Image-Fusion-Datasets-main/CT-MRI/MRI/20011.png,256x256,256x256,f559f29693d31597,9579f5a8e9793171
20012,CT-MRI,20,12,data/harvard_full/Havard-Medical-Image-Fusion-Datasets-main/CT-MRI/CT/20012.png,data/harvard_full/Havard-Medical-Image-Fusion-Datasets-main/CT-MRI/MRI/20012.png,256x256,256x256,a6c2f76f1c440fb3,4800fc26cf838a67
20013,CT-MRI,20,13,data/harvard_full/Havard-Medical-Image-Fusion-Datasets-main/CT-MRI/CT/20013.png,data/harvard_full/Havard-Medical-Image-Fusion-Datasets-main/CT-MRI/MRI/20013.png,256x256,256x256,3094e266cee4c0d1,d22681095959ed83
20014,CT-MRI,20,14,data/harvard_full/Havard-Medical-Image-Fusion-Datasets-main/CT-MRI/CT/20014.png,data/harvard_full/Havard-Medical-Image-Fusion-Datasets-main/CT-MRI/MRI/20014.png,256x256,256x256,4895cd33b98b1a45,f0078eff19aff25b
20015,CT-MRI,20,15,data/harvard_full/Havard-Medical-Image-Fusion-Datasets-main/CT-MRI/CT/20015.png,data/harvard_full/Havard-Medical-Image-Fusion-Datasets-main/CT-MRI/MRI/20015.png,256x256,256x256,5f19d7d3a43dc191,26dbf50f46ae4e06
20016,CT-MRI,20,16,data/harvard_full/Havard-Medical-Image-Fusion-Datasets-main/CT-MRI/CT/20016.png,data/harvard_full/Havard-Medical-Image-Fusion-Datasets-main/CT-MRI/MRI/20016.png,256x256,256x256,197ac4bb08b30a7a,395770dd2359f929
20017,CT-MRI,20,17,data/harvard_full/Havard-Medical-Image-Fusion-Datasets-main/CT-MRI/CT/20017.png,data/harvard_full/Havard-Medical-Image-Fusion-Datasets-main/CT-MRI/MRI/20017.png,256x256,256x256,7185d54519fa5502,8ee8842421681bc1
20018,CT-MRI,20,18,data/harvard_full/Havard-Medical-Image-Fusion-Datasets-main/CT-MRI/CT/20018.png,data/harvard_full/Havard-Medical-Image-Fusion-Datasets-main/CT-MRI/MRI/20018.png,256x256,256x256,7ce55e1a30ef8b8e,f403bc2cd1d8ea52
20019,CT-MRI,20,19,data/harvard_full/Havard-Medical-Image-Fusion-Datasets-main/CT-MRI/CT/20019.png,data/harvard_full/Havard-Medical-Image-Fusion-Datasets-main/CT-MRI/MRI/20019.png,256x256,256x256,5e0d6d26e1ba2544,9f27deb542f819a2
20020,CT-MRI,20,20,data/harvard_full/Havard-Medical-Image-Fusion-Datasets-main/CT-MRI/CT/20020.png,data/harvard_full/Havard-Medical-Image-Fusion-Datasets-main/CT-MRI/MRI/20020.png,256x256,256x256,6485ee09b05506f7,04927f8329535fbd
20021,CT-MRI,20,21,data/harvard_full/Havard-Medical-Image-Fusion-Datasets-main/CT-MRI/CT/20021.png,data/harvard_full/Havard-Medical-Image-Fusion-Datasets-main/CT-MRI/MRI/20021.png,256x256,256x256,abb685e8d9ae834a,62a6970e7a469122
20022,CT-MRI,20,22,data/harvard_full/Havard-Medical-Image-Fusion-Datasets-main/CT-MRI/CT/20022.png,data/harvard_full/Havard-Medical-Image-Fusion-Datasets-main/CT-MRI/MRI/20022.png,256x256,256x256,bc568a25fda16ac6,a84718347302b991
21004,CT-MRI,21,4,data/harvard_full/Havard-Medical-Image-Fusion-Datasets-main/CT-MRI/CT/21004.png,data/harvard_full/Havard-Medical-Image-Fusion-Datasets-main/CT-MRI/MRI/21004.png,256x256,256x256,cec6af50be6d2835,e0f221b900ce0d73
21005,CT-MRI,21,5,data/harvard_full/Havard-Medical-Image-Fusion-Datasets-main/CT-MRI/CT/21005.png,data/harvard_full/Havard-Medical-Image-Fusion-Datasets-main/CT-MRI/MRI/21005.png,256x256,256x256,dba80a72900b99b2,ed2375d668a4b9d3
21006,CT-MRI,21,6,data/harvard_full/Havard-Medical-Image-Fusion-Datasets-main/CT-MRI/CT/21006.png,data/harvard_full/Havard-Medical-Image-Fusion-Datasets-main/CT-MRI/MRI/21006.png,256x256,256x256,00b1c3475204acfc,df217fc1ce6bdd1c
21007,CT-MRI,21,7,data/harvard_full/Havard-Medical-Image-Fusion-Datasets-main/CT-MRI/CT/21007.png,data/harvard_full/Havard-Medical-Image-Fusion-Datasets-main/CT-MRI/MRI/21007.png,256x256,256x256,01df3652a93b8866,c21c64507df918c6
21008,CT-MRI,21,8,data/harvard_full/Havard-Medical-Image-Fusion-Datasets-main/CT-MRI/CT/21008.png,data/harvard_full/Havard-Medical-Image-Fusion-Datasets-main/CT-MRI/MRI/21008.png,256x256,256x256,d7a88333e4c5b420,0c4d15ace3caf182
21009,CT-MRI,21,9,data/harvard_full/Havard-Medical-Image-Fusion-Datasets-main/CT-MRI/CT/21009.png,data/harvard_full/Havard-Medical-Image-Fusion-Datasets-main/CT-MRI/MRI/21009.png,256x256,256x256,c7c782e5d48d3336,c1897a98e5a1677f
21010,CT-MRI,21,10,data/harvard_full/Havard-Medical-Image-Fusion-Datasets-main/CT-MRI/CT/21010.png,data/harvard_full/Havard-Medical-Image-Fusion-Datasets-main/CT-MRI/MRI/21010.png,256x256,256x256,c39586cb48785874,7406d592d8b995f0
21011,CT-MRI,21,11,data/harvard_full/Havard-Medical-Image-Fusion-Datasets-main/CT-MRI/CT/21011.png,data/harvard_full/Havard-Medical-Image-Fusion-Datasets-main/CT-MRI/MRI/21011.png,256x256,256x256,0662781822cc6b8a,370c96accb959e83
21012,CT-MRI,21,12,data/harvard_full/Havard-Medical-Image-Fusion-Datasets-main/CT-MRI/CT/21012.png,data/harvard_full/Havard-Medical-Image-Fusion-Datasets-main/CT-MRI/MRI/21012.png,256x256,256x256,d1d652c579a3ccd4,10866e6e6ac7b10b
21013,CT-MRI,21,13,data/harvard_full/Havard-Medical-Image-Fusion-Datasets-main/CT-MRI/CT/21013.png,data/harvard_full/Havard-Medical-Image-Fusion-Datasets-main/CT-MRI/MRI/21013.png,256x256,256x256,58178d095b4a1d42,96f7b55a0ce225e8
21014,CT-MRI,21,14,data/harvard_full/Havard-Medical-Image-Fusion-Datasets-main/CT-MRI/CT/21014.png,data/harvard_full/Havard-Medical-Image-Fusion-Datasets-main/CT-MRI/MRI/21014.png,256x256,256x256,2fe960d3dec79eec,52653ca0b0958c79
21015,CT-MRI,21,15,data/harvard_full/Havard-Medical-Image-Fusion-Datasets-main/CT-MRI/CT/21015.png,data/harvard_full/Havard-Medical-Image-Fusion-Datasets-main/CT-MRI/MRI/21015.png,256x256,256x256,2c398b3877663b48,802de3050d3df0f2
21016,CT-MRI,21,16,data/harvard_full/Havard-Medical-Image-Fusion-Datasets-main/CT-MRI/CT/21016.png,data/harvard_full/Havard-Medical-Image-Fusion-Datasets-main/CT-MRI/MRI/21016.png,256x256,256x256,f299d1f1a4f39eda,9271453030bb7a9b
21017,CT-MRI,21,17,data/harvard_full/Havard-Medical-Image-Fusion-Datasets-main/CT-MRI/CT/21017.png,data/harvard_full/Havard-Medical-Image-Fusion-Datasets-main/CT-MRI/MRI/21017.png,256x256,256x256,4b417d79abef8f50,96e1ca24618637fc
21018,CT-MRI,21,18,data/harvard_full/Havard-Medical-Image-Fusion-Datasets-main/CT-MRI/CT/21018.png,data/harvard_full/Havard-Medical-Image-Fusion-Datasets-main/CT-MRI/MRI/21018.png,256x256,256x256,792ec1806543c4b9,6a5b71395a52e5a3
21019,CT-MRI,21,19,data/harvard_full/Havard-Medical-Image-Fusion-Datasets-main/CT-MRI/CT/21019.png,data/harvard_full/Havard-Medical-Image-Fusion-Datasets-main/CT-MRI/MRI/21019.png,256x256,256x256,99dede2bf971b48c,1801d3412a168965
21020,CT-MRI,21,20,data/harvard_full/Havard-Medical-Image-Fusion-Datasets-main/CT-MRI/CT/21020.png,data/harvard_full/Havard-Medical-Image-Fusion-Datasets-main/CT-MRI/MRI/21020.png,256x256,256x256,4f275697aaa414f2,8feefe6aeca14587
28005,CT-MRI,28,5,data/harvard_full/Havard-Medical-Image-Fusion-Datasets-main/CT-MRI/CT/28005.png,data/harvard_full/Havard-Medical-Image-Fusion-Datasets-main/CT-MRI/MRI/28005.png,256x256,256x256,7d623d4b8f586d3c,0dc764a32e33116d
28006,CT-MRI,28,6,data/harvard_full/Havard-Medical-Image-Fusion-Datasets-main/CT-MRI/CT/28006.png,data/harvard_full/Havard-Medical-Image-Fusion-Datasets-main/CT-MRI/MRI/28006.png,256x256,256x256,09b9b7ca414a4f5f,456a50fc5adb9244
28007,CT-MRI,28,7,data/harvard_full/Havard-Medical-Image-Fusion-Datasets-main/CT-MRI/CT/28007.png,data/harvard_full/Havard-Medical-Image-Fusion-Datasets-main/CT-MRI/MRI/28007.png,256x256,256x256,01744f68dc7f5234,b7f0384e6a220bfd
28008,CT-MRI,28,8,data/harvard_full/Havard-Medical-Image-Fusion-Datasets-main/CT-MRI/CT/28008.png,data/harvard_full/Havard-Medical-Image-Fusion-Datasets-main/CT-MRI/MRI/28008.png,256x256,256x256,5844606fc3158229,0dca4fe29fce5450
28009,CT-MRI,28,9,data/harvard_full/Havard-Medical-Image-Fusion-Datasets-main/CT-MRI/CT/28009.png,data/harvard_full/Havard-Medical-Image-Fusion-Datasets-main/CT-MRI/MRI/28009.png,256x256,256x256,54971c05085a13e5,2aab2748feac1c22
28010,CT-MRI,28,10,data/harvard_full/Havard-Medical-Image-Fusion-Datasets-main/CT-MRI/CT/28010.png,data/harvard_full/Havard-Medical-Image-Fusion-Datasets-main/CT-MRI/MRI/28010.png,256x256,256x256,86f45245281c2bfa,8eda8aee7b500412
28011,CT-MRI,28,11,data/harvard_full/Havard-Medical-Image-Fusion-Datasets-main/CT-MRI/CT/28011.png,data/harvard_full/Havard-Medical-Image-Fusion-Datasets-main/CT-MRI/MRI/28011.png,256x256,256x256,8efa8cfcb87ed681,79ed8ac4853acf1d
28012,CT-MRI,28,12,data/harvard_full/Havard-Medical-Image-Fusion-Datasets-main/CT-MRI/CT/28012.png,data/harvard_full/Havard-Medical-Image-Fusion-Datasets-main/CT-MRI/MRI/28012.png,256x256,256x256,3c633cd3172370d4,bb2bde768edb763f
28013,CT-MRI,28,13,data/harvard_full/Havard-Medical-Image-Fusion-Datasets-main/CT-MRI/CT/28013.png,data/harvard_full/Havard-Medical-Image-Fusion-Datasets-main/CT-MRI/MRI/28013.png,256x256,256x256,901c54197c3fceb8,2e29a7ea669e66bd
28014,CT-MRI,28,14,data/harvard_full/Havard-Medical-Image-Fusion-Datasets-main/CT-MRI/CT/28014.png,data/harvard_full/Havard-Medical-Image-Fusion-Datasets-main/CT-MRI/MRI/28014.png,256x256,256x256,de78a183c7f020dc,bfc77aaa1abb5bbd
28015,CT-MRI,28,15,data/harvard_full/Havard-Medical-Image-Fusion-Datasets-main/CT-MRI/CT/28015.png,data/harvard_full/Havard-Medical-Image-Fusion-Datasets-main/CT-MRI/MRI/28015.png,256x256,256x256,a40b0e8eabc92c1d,a4228f7fc3a5b652
28016,CT-MRI,28,16,data/harvard_full/Havard-Medical-Image-Fusion-Datasets-main/CT-MRI/CT/28016.png,data/harvard_full/Havard-Medical-Image-Fusion-Datasets-main/CT-MRI/MRI/28016.png,256x256,256x256,739fd9439a4ab1c3,a130fb749ccdbf96
28017,CT-MRI,28,17,data/harvard_full/Havard-Medical-Image-Fusion-Datasets-main/CT-MRI/CT/28017.png,data/harvard_full/Havard-Medical-Image-Fusion-Datasets-main/CT-MRI/MRI/28017.png,256x256,256x256,8c5f884712312d22,e64e0885894a0581
28018,CT-MRI,28,18,data/harvard_full/Havard-Medical-Image-Fusion-Datasets-main/CT-MRI/CT/28018.png,data/harvard_full/Havard-Medical-Image-Fusion-Datasets-main/CT-MRI/MRI/28018.png,256x256,256x256,63ced7f549ec3896,2a6f4b7bef08ac38
28019,CT-MRI,28,19,data/harvard_full/Havard-Medical-Image-Fusion-Datasets-main/CT-MRI/CT/28019.png,data/harvard_full/Havard-Medical-Image-Fusion-Datasets-main/CT-MRI/MRI/28019.png,256x256,256x256,6d1eacc4f40d2f09,bd5c65bd36c5642d
28020,CT-MRI,28,20,data/harvard_full/Havard-Medical-Image-Fusion-Datasets-main/CT-MRI/CT/28020.png,data/harvard_full/Havard-Medical-Image-Fusion-Datasets-main/CT-MRI/MRI/28020.png,256x256,256x256,189b3fdbddc517a8,5f7e6907131af661
32003,CT-MRI,32,3,data/harvard_full/Havard-Medical-Image-Fusion-Datasets-main/CT-MRI/CT/32003.png,data/harvard_full/Havard-Medical-Image-Fusion-Datasets-main/CT-MRI/MRI/32003.png,256x256,256x256,8e793ce6e362cca5,684e7ecf168b8ac6
32006,CT-MRI,32,6,data/harvard_full/Havard-Medical-Image-Fusion-Datasets-main/CT-MRI/CT/32006.png,data/harvard_full/Havard-Medical-Image-Fusion-Datasets-main/CT-MRI/MRI/32006.png,256x256,256x256,a27aec14ed4251a7,7919f14d909ab917
32007,CT-MRI,32,7,data/harvard_full/Havard-Medical-Image-Fusion-Datasets-main/CT-MRI/CT/32007.png,data/harvard_full/Havard-Medical-Image-Fusion-Datasets-main/CT-MRI/MRI/32007.png,256x256,256x256,c56d7d3ee55dbd6d,6b2791831a8726c1
32008,CT-MRI,32,8,data/harvard_full/Havard-Medical-Image-Fusion-Datasets-main/CT-MRI/CT/32008.png,data/harvard_full/Havard-Medical-Image-Fusion-Datasets-main/CT-MRI/MRI/32008.png,256x256,256x256,f75ea41d0960652a,f5a3b82a32eb3200
32009,CT-MRI,32,9,data/harvard_full/Havard-Medical-Image-Fusion-Datasets-main/CT-MRI/CT/32009.png,data/harvard_full/Havard-Medical-Image-Fusion-Datasets-main/CT-MRI/MRI/32009.png,256x256,256x256,658887517fc001f6,f4725df20af91c8f
32010,CT-MRI,32,10,data/harvard_full/Havard-Medical-Image-Fusion-Datasets-main/CT-MRI/CT/32010.png,data/harvard_full/Havard-Medical-Image-Fusion-Datasets-main/CT-MRI/MRI/32010.png,256x256,256x256,f429262b1766076e,645a259fdeddc847
32011,CT-MRI,32,11,data/harvard_full/Havard-Medical-Image-Fusion-Datasets-main/CT-MRI/CT/32011.png,data/harvard_full/Havard-Medical-Image-Fusion-Datasets-main/CT-MRI/MRI/32011.png,256x256,256x256,cd2c0f7aea5a01ad,150167c171b38c17
32012,CT-MRI,32,12,data/harvard_full/Havard-Medical-Image-Fusion-Datasets-main/CT-MRI/CT/32012.png,data/harvard_full/Havard-Medical-Image-Fusion-Datasets-main/CT-MRI/MRI/32012.png,256x256,256x256,7038e5229f09d6a1,63f49a537de0b490
32013,CT-MRI,32,13,data/harvard_full/Havard-Medical-Image-Fusion-Datasets-main/CT-MRI/CT/32013.png,data/harvard_full/Havard-Medical-Image-Fusion-Datasets-main/CT-MRI/MRI/32013.png,256x256,256x256,e53e7f8bc84315db,58e880f4a346fb4f
32014,CT-MRI,32,14,data/harvard_full/Havard-Medical-Image-Fusion-Datasets-main/CT-MRI/CT/32014.png,data/harvard_full/Havard-Medical-Image-Fusion-Datasets-main/CT-MRI/MRI/32014.png,256x256,256x256,5bbee6e2079ddf0c,dfd47ed7d3e170d7
32015,CT-MRI,32,15,data/harvard_full/Havard-Medical-Image-Fusion-Datasets-main/CT-MRI/CT/32015.png,data/harvard_full/Havard-Medical-Image-Fusion-Datasets-main/CT-MRI/MRI/32015.png,256x256,256x256,84f2bf7bb3f85506,e80bb7666c00c54f
32016,CT-MRI,32,16,data/harvard_full/Havard-Medical-Image-Fusion-Datasets-main/CT-MRI/CT/32016.png,data/harvard_full/Havard-Medical-Image-Fusion-Datasets-main/CT-MRI/MRI/32016.png,256x256,256x256,d4ce5034e3b65db9,a2fe70a6053913ed
32017,CT-MRI,32,17,data/harvard_full/Havard-Medical-Image-Fusion-Datasets-main/CT-MRI/CT/32017.png,data/harvard_full/Havard-Medical-Image-Fusion-Datasets-main/CT-MRI/MRI/32017.png,256x256,256x256,d4f561055be907a3,0a3cb18e96125ef7
32018,CT-MRI,32,18,data/harvard_full/Havard-Medical-Image-Fusion-Datasets-main/CT-MRI/CT/32018.png,data/harvard_full/Havard-Medical-Image-Fusion-Datasets-main/CT-MRI/MRI/32018.png,256x256,256x256,c42b710fb9ceec16,6c51ccefb0cd44c3
32019,CT-MRI,32,19,data/harvard_full/Havard-Medical-Image-Fusion-Datasets-main/CT-MRI/CT/32019.png,data/harvard_full/Havard-Medical-Image-Fusion-Datasets-main/CT-MRI/MRI/32019.png,256x256,256x256,9f2a75a8c838c65a,c68d5ef991d49e4e
32020,CT-MRI,32,20,data/harvard_full/Havard-Medical-Image-Fusion-Datasets-main/CT-MRI/CT/32020.png,data/harvard_full/Havard-Medical-Image-Fusion-Datasets-main/CT-MRI/MRI/32020.png,256x256,256x256,4d6a1f57fbc1be08,a2addab5aeb06bfa
32021,CT-MRI,32,21,data/harvard_full/Havard-Medical-Image-Fusion-Datasets-main/CT-MRI/CT/32021.png,data/harvard_full/Havard-Medical-Image-Fusion-Datasets-main/CT-MRI/MRI/32021.png,256x256,256x256,b5432b3deca8f8ca,d4886b3c58d737a7
32022,CT-MRI,32,22,data/harvard_full/Havard-Medical-Image-Fusion-Datasets-main/CT-MRI/CT/32022.png,data/harvard_full/Havard-Medical-Image-Fusion-Datasets-main/CT-MRI/MRI/32022.png,256x256,256x256,7c8a2c48f4df834b,c6af83d22a4d8a9e
33006,CT-MRI,33,6,data/harvard_full/Havard-Medical-Image-Fusion-Datasets-main/CT-MRI/CT/33006.png,data/harvard_full/Havard-Medical-Image-Fusion-Datasets-main/CT-MRI/MRI/33006.png,256x256,256x256,4b65c0b0e2ee3e8b,a8988b3987370e10
33007,CT-MRI,33,7,data/harvard_full/Havard-Medical-Image-Fusion-Datasets-main/CT-MRI/CT/33007.png,data/harvard_full/Havard-Medical-Image-Fusion-Datasets-main/CT-MRI/MRI/33007.png,256x256,256x256,d957a78226620aa1,894ea87480553d21
33008,CT-MRI,33,8,data/harvard_full/Havard-Medical-Image-Fusion-Datasets-main/CT-MRI/CT/33008.png,data/harvard_full/Havard-Medical-Image-Fusion-Datasets-main/CT-MRI/MRI/33008.png,256x256,256x256,55f0c4911bb6e2c8,38ef8fe63a3be1fe
33010,CT-MRI,33,10,data/harvard_full/Havard-Medical-Image-Fusion-Datasets-main/CT-MRI/CT/33010.png,data/harvard_full/Havard-Medical-Image-Fusion-Datasets-main/CT-MRI/MRI/33010.png,256x256,256x256,4d2269caf9084256,b978b3046620da9d
33011,CT-MRI,33,11,data/harvard_full/Havard-Medical-Image-Fusion-Datasets-main/CT-MRI/CT/33011.png,data/harvard_full/Havard-Medical-Image-Fusion-Datasets-main/CT-MRI/MRI/33011.png,256x256,256x256,1e19a773af7b235d,0b6729a023659180
33012,CT-MRI,33,12,data/harvard_full/Havard-Medical-Image-Fusion-Datasets-main/CT-MRI/CT/33012.png,data/harvard_full/Havard-Medical-Image-Fusion-Datasets-main/CT-MRI/MRI/33012.png,256x256,256x256,34b6a16ecc280ab9,d226b3f5f06f0dfc
33013,CT-MRI,33,13,data/harvard_full/Havard-Medical-Image-Fusion-Datasets-main/CT-MRI/CT/33013.png,data/harvard_full/Havard-Medical-Image-Fusion-Datasets-main/CT-MRI/MRI/33013.png,256x256,256x256,79b8e6829f2baa90,1415358e2e1f5107
33014,CT-MRI,33,14,data/harvard_full/Havard-Medical-Image-Fusion-Datasets-main/CT-MRI/CT/33014.png,data/harvard_full/Havard-Medical-Image-Fusion-Datasets-main/CT-MRI/MRI/33014.png,256x256,256x256,54b2ab23f5dfcf8a,208317fc0c479b4f
33015,CT-MRI,33,15,data/harvard_full/Havard-Medical-Image-Fusion-Datasets-main/CT-MRI/CT/33015.png,data/harvard_full/Havard-Medical-Image-Fusion-Datasets-main/CT-MRI/MRI/33015.png,256x256,256x256,e66f83726b268c63,3c74810ae8546a52
33016,CT-MRI,33,16,data/harvard_full/Havard-Medical-Image-Fusion-Datasets-main/CT-MRI/CT/33016.png,data/harvard_full/Havard-Medical-Image-Fusion-Datasets-main/CT-MRI/MRI/33016.png,256x256,256x256,e88f15d7b15a1040,7f5fb09129378e18
33017,CT-MRI,33,17,data/harvard_full/Havard-Medical-Image-Fusion-Datasets-main/CT-MRI/CT/33017.png,data/harvard_full/Havard-Medical-Image-Fusion-Datasets-main/CT-MRI/MRI/33017.png,256x256,256x256,fc3eb24594e11ac0,80a7b1bf1e025484
33018,CT-MRI,33,18,data/harvard_full/Havard-Medical-Image-Fusion-Datasets-main/CT-MRI/CT/33018.png,data/harvard_full/Havard-Medical-Image-Fusion-Datasets-main/CT-MRI/MRI/33018.png,256x256,256x256,763a8ff269072175,9c0fd7d52a1c9656
33019,CT-MRI,33,19,data/harvard_full/Havard-Medical-Image-Fusion-Datasets-main/CT-MRI/CT/33019.png,data/harvard_full/Havard-Medical-Image-Fusion-Datasets-main/CT-MRI/MRI/33019.png,256x256,256x256,104c96e86d30d1fd,2697cfb215faac1e
33020,CT-MRI,33,20,data/harvard_full/Havard-Medical-Image-Fusion-Datasets-main/CT-MRI/CT/33020.png,data/harvard_full/Havard-Medical-Image-Fusion-Datasets-main/CT-MRI/MRI/33020.png,256x256,256x256,cb6a6cc7ae698caa,6e32eed7a2f5eea5
33021,CT-MRI,33,21,data/harvard_full/Havard-Medical-Image-Fusion-Datasets-main/CT-MRI/CT/33021.png,data/harvard_full/Havard-Medical-Image-Fusion-Datasets-main/CT-MRI/MRI/33021.png,256x256,256x256,563032015ba98f25,982b5d399eb317f7
33022,CT-MRI,33,22,data/harvard_full/Havard-Medical-Image-Fusion-Datasets-main/CT-MRI/CT/33022.png,data/harvard_full/Havard-Medical-Image-Fusion-Datasets-main/CT-MRI/MRI/33022.png,256x256,256x256,8264ac90c2b1cabd,0a483555e176741a
33023,CT-MRI,33,23,data/harvard_full/Havard-Medical-Image-Fusion-Datasets-main/CT-MRI/CT/33023.png,data/harvard_full/Havard-Medical-Image-Fusion-Datasets-main/CT-MRI/MRI/33023.png,256x256,256x256,0e6a9a835a5e3ba5,b5af620d40a62c45
34002,CT-MRI,34,2,data/harvard_full/Havard-Medical-Image-Fusion-Datasets-main/CT-MRI/CT/34002.png,data/harvard_full/Havard-Medical-Image-Fusion-Datasets-main/CT-MRI/MRI/34002.png,256x256,256x256,3e505969ff55d85a,53e1517be8a40b64
34003,CT-MRI,34,3,data/harvard_full/Havard-Medical-Image-Fusion-Datasets-main/CT-MRI/CT/34003.png,data/harvard_full/Havard-Medical-Image-Fusion-Datasets-main/CT-MRI/MRI/34003.png,256x256,256x256,1e0b1740bbc4e419,2f39d51fa9e9548e
34004,CT-MRI,34,4,data/harvard_full/Havard-Medical-Image-Fusion-Datasets-main/CT-MRI/CT/34004.png,data/harvard_full/Havard-Medical-Image-Fusion-Datasets-main/CT-MRI/MRI/34004.png,256x256,256x256,7a17367b35886fee,19a3a065ed133f20
34005,CT-MRI,34,5,data/harvard_full/Havard-Medical-Image-Fusion-Datasets-main/CT-MRI/CT/34005.png,data/harvard_full/Havard-Medical-Image-Fusion-Datasets-main/CT-MRI/MRI/34005.png,256x256,256x256,faa82f2f909cb994,616b4bd11c48d721
34006,CT-MRI,34,6,data/harvard_full/Havard-Medical-Image-Fusion-Datasets-main/CT-MRI/CT/34006.png,data/harvard_full/Havard-Medical-Image-Fusion-Datasets-main/CT-MRI/MRI/34006.png,256x256,256x256,cd7f60125d575ee3,d9284840e693695f
34007,CT-MRI,34,7,data/harvard_full/Havard-Medical-Image-Fusion-Datasets-main/CT-MRI/CT/34007.png,data/harvard_full/Havard-Medical-Image-Fusion-Datasets-main/CT-MRI/MRI/34007.png,256x256,256x256,493ca69376d289ab,61624e7acd8294f8
34008,CT-MRI,34,8,data/harvard_full/Havard-Medical-Image-Fusion-Datasets-main/CT-MRI/CT/34008.png,data/harvard_full/Havard-Medical-Image-Fusion-Datasets-main/CT-MRI/MRI/34008.png,256x256,256x256,78ba96228aa0d7d9,6a753d1eaf66063b
34009,CT-MRI,34,9,data/harvard_full/Havard-Medical-Image-Fusion-Datasets-main/CT-MRI/CT/34009.png,data/harvard_full/Havard-Medical-Image-Fusion-Datasets-main/CT-MRI/MRI/34009.png,256x256,256x256,210e0f5a42e58393,0a1a497dadf2f83f
34010,CT-MRI,34,10,data/harvard_full/Havard-Medical-Image-Fusion-Datasets-main/CT-MRI/CT/34010.png,data/harvard_full/Havard-Medical-Image-Fusion-Datasets-main/CT-MRI/MRI/34010.png,256x256,256x256,d631c218fdcdbe42,dffbb12cf3c968f5
34011,CT-MRI,34,11,data/harvard_full/Havard-Medical-Image-Fusion-Datasets-main/CT-MRI/CT/34011.png,data/harvard_full/Havard-Medical-Image-Fusion-Datasets-main/CT-MRI/MRI/34011.png,256x256,256x256,a7baf322609eaef7,8e6e6baf1e4d0e05
34012,CT-MRI,34,12,data/harvard_full/Havard-Medical-Image-Fusion-Datasets-main/CT-MRI/CT/34012.png,data/harvard_full/Havard-Medical-Image-Fusion-Datasets-main/CT-MRI/MRI/34012.png,256x256,256x256,a86edef032e9d69f,29a4c9c4c649ad01
34013,CT-MRI,34,13,data/harvard_full/Havard-Medical-Image-Fusion-Datasets-main/CT-MRI/CT/34013.png,data/harvard_full/Havard-Medical-Image-Fusion-Datasets-main/CT-MRI/MRI/34013.png,256x256,256x256,4c8dc3e9f971ac0d,fcd6119a346c2792
34014,CT-MRI,34,14,data/harvard_full/Havard-Medical-Image-Fusion-Datasets-main/CT-MRI/CT/34014.png,data/harvard_full/Havard-Medical-Image-Fusion-Datasets-main/CT-MRI/MRI/34014.png,256x256,256x256,1c7b682c917df6bf,8ea2af7278fa0d76
34015,CT-MRI,34,15,data/harvard_full/Havard-Medical-Image-Fusion-Datasets-main/CT-MRI/CT/34015.png,data/harvard_full/Havard-Medical-Image-Fusion-Datasets-main/CT-MRI/MRI/34015.png,256x256,256x256,7ae780ef6efa242a,2adaa8809fc65680
34016,CT-MRI,34,16,data/harvard_full/Havard-Medical-Image-Fusion-Datasets-main/CT-MRI/CT/34016.png,data/harvard_full/Havard-Medical-Image-Fusion-Datasets-main/CT-MRI/MRI/34016.png,256x256,256x256,4db3fe57e76120ab,018deac003ce7614
34017,CT-MRI,34,17,data/harvard_full/Havard-Medical-Image-Fusion-Datasets-main/CT-MRI/CT/34017.png,data/harvard_full/Havard-Medical-Image-Fusion-Datasets-main/CT-MRI/MRI/34017.png,256x256,256x256,1e9bf40c312c40da,1eed3a6e7c4d84bc
34018,CT-MRI,34,18,data/harvard_full/Havard-Medical-Image-Fusion-Datasets-main/CT-MRI/CT/34018.png,data/harvard_full/Havard-Medical-Image-Fusion-Datasets-main/CT-MRI/MRI/34018.png,256x256,256x256,43d2570d1ad26c44,96ac820468441678
34019,CT-MRI,34,19,data/harvard_full/Havard-Medical-Image-Fusion-Datasets-main/CT-MRI/CT/34019.png,data/harvard_full/Havard-Medical-Image-Fusion-Datasets-main/CT-MRI/MRI/34019.png,256x256,256x256,788df8fa1db5428f,79db73e58cf354e8
34020,CT-MRI,34,20,data/harvard_full/Havard-Medical-Image-Fusion-Datasets-main/CT-MRI/CT/34020.png,data/harvard_full/Havard-Medical-Image-Fusion-Datasets-main/CT-MRI/MRI/34020.png,256x256,256x256,5e3d94d7c8c19898,652874898bff1c6d
34021,CT-MRI,34,21,data/harvard_full/Havard-Medical-Image-Fusion-Datasets-main/CT-MRI/CT/34021.png,data/harvard_full/Havard-Medical-Image-Fusion-Datasets-main/CT-MRI/MRI/34021.png,256x256,256x256,7b1d5d45a1afb970,fa145f0b5bf93fde
34022,CT-MRI,34,22,data/harvard_full/Havard-Medical-Image-Fusion-Datasets-main/CT-MRI/CT/34022.png,data/harvard_full/Havard-Medical-Image-Fusion-Datasets-main/CT-MRI/MRI/34022.png,256x256,256x256,3005d61035efcd72,3d965ad51e0c81a6
37003,CT-MRI,37,3,data/harvard_full/Havard-Medical-Image-Fusion-Datasets-main/CT-MRI/CT/37003.png,data/harvard_full/Havard-Medical-Image-Fusion-Datasets-main/CT-MRI/MRI/37003.png,256x256,256x256,e08530e091a7aeb8,3e7344610a74ae27
37004,CT-MRI,37,4,data/harvard_full/Havard-Medical-Image-Fusion-Datasets-main/CT-MRI/CT/37004.png,data/harvard_full/Havard-Medical-Image-Fusion-Datasets-main/CT-MRI/MRI/37004.png,256x256,256x256,fc1ddee12fb08592,5d433afe9e15d914
37005,CT-MRI,37,5,data/harvard_full/Havard-Medical-Image-Fusion-Datasets-main/CT-MRI/CT/37005.png,data/harvard_full/Havard-Medical-Image-Fusion-Datasets-main/CT-MRI/MRI/37005.png,256x256,256x256,ea0cfe0d6a17e8f4,41badc69097fdd93
37006,CT-MRI,37,6,data/harvard_full/Havard-Medical-Image-Fusion-Datasets-main/CT-MRI/CT/37006.png,data/harvard_full/Havard-Medical-Image-Fusion-Datasets-main/CT-MRI/MRI/37006.png,256x256,256x256,adb80d4d8c3d4665,eecd948b21201f5a
37007,CT-MRI,37,7,data/harvard_full/Havard-Medical-Image-Fusion-Datasets-main/CT-MRI/CT/37007.png,data/harvard_full/Havard-Medical-Image-Fusion-Datasets-main/CT-MRI/MRI/37007.png,256x256,256x256,0dbb283bc226fe51,93f22d326ae3574f
37008,CT-MRI,37,8,data/harvard_full/Havard-Medical-Image-Fusion-Datasets-main/CT-MRI/CT/37008.png,data/harvard_full/Havard-Medical-Image-Fusion-Datasets-main/CT-MRI/MRI/37008.png,256x256,256x256,d651577c1c3f5e5a,b5f2760a7842da23
37009,CT-MRI,37,9,data/harvard_full/Havard-Medical-Image-Fusion-Datasets-main/CT-MRI/CT/37009.png,data/harvard_full/Havard-Medical-Image-Fusion-Datasets-main/CT-MRI/MRI/37009.png,256x256,256x256,1b9db2c215bcdd3f,a7e8a3ef40094858
37010,CT-MRI,37,10,data/harvard_full/Havard-Medical-Image-Fusion-Datasets-main/CT-MRI/CT/37010.png,data/harvard_full/Havard-Medical-Image-Fusion-Datasets-main/CT-MRI/MRI/37010.png,256x256,256x256,2812bbba8c37f62b,46ca8580dbf72036
37011,CT-MRI,37,11,data/harvard_full/Havard-Medical-Image-Fusion-Datasets-main/CT-MRI/CT/37011.png,data/harvard_full/Havard-Medical-Image-Fusion-Datasets-main/CT-MRI/MRI/37011.png,256x256,256x256,3c41f25f7a1446e7,0a475d7ee1f67080
37012,CT-MRI,37,12,data/harvard_full/Havard-Medical-Image-Fusion-Datasets-main/CT-MRI/CT/37012.png,data/harvard_full/Havard-Medical-Image-Fusion-Datasets-main/CT-MRI/MRI/37012.png,256x256,256x256,6845828fec6a5e4d,c827b89c26f2988c
37013,CT-MRI,37,13,data/harvard_full/Havard-Medical-Image-Fusion-Datasets-main/CT-MRI/CT/37013.png,data/harvard_full/Havard-Medical-Image-Fusion-Datasets-main/CT-MRI/MRI/37013.png,256x256,256x256,1a404e73f9cfd933,e9d26adc0e21d28a
37014,CT-MRI,37,14,data/harvard_full/Havard-Medical-Image-Fusion-Datasets-main/CT-MRI/CT/37014.png,data/harvard_full/Havard-Medical-Image-Fusion-Datasets-main/CT-MRI/MRI/37014.png,256x256,256x256,18c3134686570cb9,7c97dba22faf6f65
37015,CT-MRI,37,15,data/harvard_full/Havard-Medical-Image-Fusion-Datasets-main/CT-MRI/CT/37015.png,data/harvard_full/Havard-Medical-Image-Fusion-Datasets-main/CT-MRI/MRI/37015.png,256x256,256x256,3d1e4276d08671cf,448bbad7b7cfed59
37016,CT-MRI,37,16,data/harvard_full/Havard-Medical-Image-Fusion-Datasets-main/CT-MRI/CT/37016.png,data/harvard_full/Havard-Medical-Image-Fusion-Datasets-main/CT-MRI/MRI/37016.png,256x256,256x256,139c8f885fe8d62f,d012d5a75d650d2c
37017,CT-MRI,37,17,data/harvard_full/Havard-Medical-Image-Fusion-Datasets-main/CT-MRI/CT/37017.png,data/harvard_full/Havard-Medical-Image-Fusion-Datasets-main/CT-MRI/MRI/37017.png,256x256,256x256,b4390c30a8516d2f,008aff30c5c56c15
37018,CT-MRI,37,18,data/harvard_full/Havard-Medical-Image-Fusion-Datasets-main/CT-MRI/CT/37018.png,data/harvard_full/Havard-Medical-Image-Fusion-Datasets-main/CT-MRI/MRI/37018.png,256x256,256x256,05c010c6c22549e0,6afd72f88d98a1e5
37019,CT-MRI,37,19,data/harvard_full/Havard-Medical-Image-Fusion-Datasets-main/CT-MRI/CT/37019.png,data/harvard_full/Havard-Medical-Image-Fusion-Datasets-main/CT-MRI/MRI/37019.png,256x256,256x256,493d2913f49d23f0,96e0af60310cfebb
37020,CT-MRI,37,20,data/harvard_full/Havard-Medical-Image-Fusion-Datasets-main/CT-MRI/CT/37020.png,data/harvard_full/Havard-Medical-Image-Fusion-Datasets-main/CT-MRI/MRI/37020.png,256x256,256x256,a8381cb7f7a537c2,d5151bf629fc150e
37021,CT-MRI,37,21,data/harvard_full/Havard-Medical-Image-Fusion-Datasets-main/CT-MRI/CT/37021.png,data/harvard_full/Havard-Medical-Image-Fusion-Datasets-main/CT-MRI/MRI/37021.png,256x256,256x256,ef2837806168440c,6a5a2fd0e84410ae
37022,CT-MRI,37,22,data/harvard_full/Havard-Medical-Image-Fusion-Datasets-main/CT-MRI/CT/37022.png,data/harvard_full/Havard-Medical-Image-Fusion-Datasets-main/CT-MRI/MRI/37022.png,256x256,256x256,ff54b01b2ade1726,b99ebd270dd958a1
41003,CT-MRI,41,3,data/harvard_full/Havard-Medical-Image-Fusion-Datasets-main/CT-MRI/CT/41003.png,data/harvard_full/Havard-Medical-Image-Fusion-Datasets-main/CT-MRI/MRI/41003.png,256x256,256x256,68173d7c526786bd,9ac4dfc618fdb798
41004,CT-MRI,41,4,data/harvard_full/Havard-Medical-Image-Fusion-Datasets-main/CT-MRI/CT/41004.png,data/harvard_full/Havard-Medical-Image-Fusion-Datasets-main/CT-MRI/MRI/41004.png,256x256,256x256,e5c953011f423d92,42ca4c275c1a1e65
41005,CT-MRI,41,5,data/harvard_full/Havard-Medical-Image-Fusion-Datasets-main/CT-MRI/CT/41005.png,data/harvard_full/Havard-Medical-Image-Fusion-Datasets-main/CT-MRI/MRI/41005.png,256x256,256x256,28871361a234ab68,4edcba86e5f43f69
41006,CT-MRI,41,6,data/harvard_full/Havard-Medical-Image-Fusion-Datasets-main/CT-MRI/CT/41006.png,data/harvard_full/Havard-Medical-Image-Fusion-Datasets-main/CT-MRI/MRI/41006.png,256x256,256x256,8e8f1dcaaefb5244,440c70ee555b9eba
41007,CT-MRI,41,7,data/harvard_full/Havard-Medical-Image-Fusion-Datasets-main/CT-MRI/CT/41007.png,data/harvard_full/Havard-Medical-Image-Fusion-Datasets-main/CT-MRI/MRI/41007.png,256x256,256x256,2248aa20c0645e49,1b170b21c8701146
41008,CT-MRI,41,8,data/harvard_full/Havard-Medical-Image-Fusion-Datasets-main/CT-MRI/CT/41008.png,data/harvard_full/Havard-Medical-Image-Fusion-Datasets-main/CT-MRI/MRI/41008.png,256x256,256x256,b0e0edb455285b0b,252b55f927a5395b
41009,CT-MRI,41,9,data/harvard_full/Havard-Medical-Image-Fusion-Datasets-main/CT-MRI/CT/41009.png,data/harvard_full/Havard-Medical-Image-Fusion-Datasets-main/CT-MRI/MRI/41009.png,256x256,256x256,278dcb50837411a3,282e8ee1344686d7
41010,CT-MRI,41,10,data/harvard_full/Havard-Medical-Image-Fusion-Datasets-main/CT-MRI/CT/41010.png,data/harvard_full/Havard-Medical-Image-Fusion-Datasets-main/CT-MRI/MRI/41010.png,256x256,256x256,74a58ad2758e7cad,d784a5f4391b6353
41011,CT-MRI,41,11,data/harvard_full/Havard-Medical-Image-Fusion-Datasets-main/CT-MRI/CT/41011.png,data/harvard_full/Havard-Medical-Image-Fusion-Datasets-main/CT-MRI/MRI/41011.png,256x256,256x256,63e2f9c070d39c0c,da873b5684eeb739
41012,CT-MRI,41,12,data/harvard_full/Havard-Medical-Image-Fusion-Datasets-main/CT-MRI/CT/41012.png,data/harvard_full/Havard-Medical-Image-Fusion-Datasets-main/CT-MRI/MRI/41012.png,256x256,256x256,7702bba60ceb5519,cce502a706268bf6
41013,CT-MRI,41,13,data/harvard_full/Havard-Medical-Image-Fusion-Datasets-main/CT-MRI/CT/41013.png,data/harvard_full/Havard-Medical-Image-Fusion-Datasets-main/CT-MRI/MRI/41013.png,256x256,256x256,a9a2142f299003e4,9d0f5e63f034e389
41014,CT-MRI,41,14,data/harvard_full/Havard-Medical-Image-Fusion-Datasets-main/CT-MRI/CT/41014.png,data/harvard_full/Havard-Medical-Image-Fusion-Datasets-main/CT-MRI/MRI/41014.png,256x256,256x256,2d8520f188897de8,db2f7b47473bf3e3
41015,CT-MRI,41,15,data/harvard_full/Havard-Medical-Image-Fusion-Datasets-main/CT-MRI/CT/41015.png,data/harvard_full/Havard-Medical-Image-Fusion-Datasets-main/CT-MRI/MRI/41015.png,256x256,256x256,b0bd633e4ce1fd35,7f03bd9a276a256c
41016,CT-MRI,41,16,data/harvard_full/Havard-Medical-Image-Fusion-Datasets-main/CT-MRI/CT/41016.png,data/harvard_full/Havard-Medical-Image-Fusion-Datasets-main/CT-MRI/MRI/41016.png,256x256,256x256,4973496344d8d4eb,62f1ff107b3fe5cb
41018,CT-MRI,41,18,data/harvard_full/Havard-Medical-Image-Fusion-Datasets-main/CT-MRI/CT/41018.png,data/harvard_full/Havard-Medical-Image-Fusion-Datasets-main/CT-MRI/MRI/41018.png,256x256,256x256,b1f4eb58a622a9ab,0057c2e489cc9677
41019,CT-MRI,41,19,data/harvard_full/Havard-Medical-Image-Fusion-Datasets-main/CT-MRI/CT/41019.png,data/harvard_full/Havard-Medical-Image-Fusion-Datasets-main/CT-MRI/MRI/41019.png,256x256,256x256,e17645f313ea9964,9a07a14ec64a48fc
41020,CT-MRI,41,20,data/harvard_full/Havard-Medical-Image-Fusion-Datasets-main/CT-MRI/CT/41020.png,data/harvard_full/Havard-Medical-Image-Fusion-Datasets-main/CT-MRI/MRI/41020.png,256x256,256x256,27a161d6df5eef84,6361606eef4d7c03
41021,CT-MRI,41,21,data/harvard_full/Havard-Medical-Image-Fusion-Datasets-main/CT-MRI/CT/41021.png,data/harvard_full/Havard-Medical-Image-Fusion-Datasets-main/CT-MRI/MRI/41021.png,256x256,256x256,bfeca253f28d25d9,695a7f5cd5e03693
41022,CT-MRI,41,22,data/harvard_full/Havard-Medical-Image-Fusion-Datasets-main/CT-MRI/CT/41022.png,data/harvard_full/Havard-Medical-Image-Fusion-Datasets-main/CT-MRI/MRI/41022.png,256x256,256x256,0f55c73f16cf2698,db0f39899b28729c
41023,CT-MRI,41,23,data/harvard_full/Havard-Medical-Image-Fusion-Datasets-main/CT-MRI/CT/41023.png,data/harvard_full/Havard-Medical-Image-Fusion-Datasets-main/CT-MRI/MRI/41023.png,256x256,256x256,862772a495fcecfd,3ccebc2b4d9fead6
